<?xml version="1.0" encoding="UTF-8"?>
<jcr:root xmlns:sling="http://sling.apache.org/jcr/sling/1.0" xmlns:cq="http://www.day.com/jcr/cq/1.0" xmlns:jcr="http://www.jcp.org/jcr/1.0" xmlns:nt="http://www.jcp.org/jcr/nt/1.0"
    jcr:primaryType="cq:Page">
    <jcr:content
        cq:designPath="/etc/designs/geometrixx"
        cq:lastModified="{Date}2016-04-06T16:12:12.538+03:00"
        cq:lastModifiedBy="admin"
        cq:lastRolledout="{Date}2016-04-06T16:12:12.539+03:00"
        cq:lastRolledoutBy="admin"
        cq:template="/apps/aemminsk/templates/page"
        jcr:mixinTypes="[cq:LiveRelationship,cq:LiveSync]"
        jcr:primaryType="cq:PageContent"
        jcr:title="French"
        sling:resourceType="aemminsk/components/page">
        <par
            cq:lastRolledout="{Date}2016-04-06T16:12:12.505+03:00"
            cq:lastRolledoutBy="admin"
            jcr:mixinTypes="[cq:LiveRelationship]"
            jcr:primaryType="nt:unstructured"
            sling:resourceType="foundation/components/parsys">
            <text
                cq:lastRolledout="{Date}2016-04-06T16:12:12.536+03:00"
                cq:lastRolledoutBy="admin"
                jcr:created="{Date}2016-03-31T08:25:11.741+03:00"
                jcr:createdBy="admin"
                jcr:lastModified="{Date}2016-04-06T16:12:12.534+03:00"
                jcr:lastModifiedBy="admin"
                jcr:mixinTypes="[cq:LiveRelationship]"
                jcr:primaryType="nt:unstructured"
                sling:resourceType="foundation/components/text"
                text="&lt;p>Text &lt;/p>&#xa;"
                textIsRich="true"/>
            <bluelog
                cq:lastRolledout="{Date}2016-04-06T16:12:12.539+03:00"
                cq:lastRolledoutBy="admin"
                jcr:created="{Date}2016-03-31T14:44:09.438+03:00"
                jcr:createdBy="admin"
                jcr:lastModified="{Date}2016-04-06T16:12:12.537+03:00"
                jcr:lastModifiedBy="admin"
                jcr:mixinTypes="[cq:LiveRelationship]"
                jcr:primaryType="nt:unstructured"
                sling:resourceType="aemexam/components/bluelog"/>
        </par>
        <cq:LiveSyncConfig
            cq:excludedPaths="[]"
            cq:isDeep="{Boolean}true"
            cq:master="/content/AEMMinsk/en"
            cq:rolloutConfigs="[/etc/msm/rolloutconfigs/pushonmodifyshallow]"
            jcr:primaryType="cq:LiveCopy"/>
        <image
            jcr:lastModified="{Date}2016-03-31T18:25:27.713+03:00"
            jcr:lastModifiedBy="admin"
            jcr:primaryType="nt:unstructured"
            imageRotate="0"/>
    </jcr:content>
    <page1/>
    <page2/>
    <page3/>
    <page4/>
    <page5/>
    <page6/>
    <page7/>
</jcr:root>
