<?xml version="1.0" encoding="UTF-8"?>
<jcr:root xmlns:sling="http://sling.apache.org/jcr/sling/1.0" xmlns:cq="http://www.day.com/jcr/cq/1.0" xmlns:jcr="http://www.jcp.org/jcr/1.0" xmlns:nt="http://www.jcp.org/jcr/nt/1.0"
    jcr:primaryType="cq:Page">
    <jcr:content
        cq:deviceGroups="[/etc/mobile/groups/responsive]"
        cq:lastModified="{Date}2016-02-25T16:19:02.837+03:00"
        cq:lastModifiedBy="admin"
        cq:template="/apps/responsive_layout/templates/root"
        jcr:primaryType="cq:PageContent"
        jcr:title="Responsive Layout Root"
        sling:resourceType="responsive_layout/components/pages/root"
        welcomeText="Welcome John Lennon">
        <cq:responsive jcr:primaryType="nt:unstructured">
            <breakpoints jcr:primaryType="nt:unstructured">
                <phone
                    jcr:primaryType="nt:unstructured"
                    title="phone"
                    width="{Decimal}650"/>
                <tablet
                    jcr:primaryType="nt:unstructured"
                    title="tablet"
                    width="{Decimal}1200"/>
            </breakpoints>
        </cq:responsive>
        <responsivegrid_1
            jcr:primaryType="nt:unstructured"
            sling:resourceType="wcm/foundation/components/responsivegrid">
            <image
                jcr:created="{Date}2016-02-24T15:25:39.653+03:00"
                jcr:createdBy="admin"
                jcr:lastModified="{Date}2016-02-24T15:25:55.395+03:00"
                jcr:lastModifiedBy="admin"
                jcr:primaryType="nt:unstructured"
                sling:resourceType="foundation/components/image"
                fileReference="/content/dam/projects/training/images/overlayed5.jpg">
                <cq:responsive jcr:primaryType="nt:unstructured">
                    <default
                        jcr:primaryType="nt:unstructured"
                        width="7"/>
                    <tablet
                        jcr:primaryType="nt:unstructured"
                        width="6"/>
                    <phone
                        jcr:primaryType="nt:unstructured"
                        behavior="none"
                        width="8"/>
                </cq:responsive>
            </image>
            <image_1935919920
                jcr:created="{Date}2016-02-24T15:25:43.370+03:00"
                jcr:createdBy="admin"
                jcr:lastModified="{Date}2016-02-24T15:26:01.998+03:00"
                jcr:lastModifiedBy="admin"
                jcr:primaryType="nt:unstructured"
                sling:resourceType="foundation/components/image"
                fileReference="/content/dam/projects/training/images/overlayed3.jpg">
                <cq:responsive jcr:primaryType="nt:unstructured">
                    <default
                        jcr:primaryType="nt:unstructured"
                        width="5"/>
                    <tablet
                        jcr:primaryType="nt:unstructured"
                        width="6"/>
                    <phone
                        jcr:primaryType="nt:unstructured"
                        width="9"/>
                </cq:responsive>
            </image_1935919920>
            <image_1256528165
                jcr:created="{Date}2016-02-24T15:25:45.110+03:00"
                jcr:createdBy="admin"
                jcr:lastModified="{Date}2016-02-24T15:26:16.204+03:00"
                jcr:lastModifiedBy="admin"
                jcr:primaryType="nt:unstructured"
                sling:resourceType="foundation/components/image"
                fileReference="/content/dam/projects/training/images/overlayed2.jpg">
                <cq:responsive jcr:primaryType="nt:unstructured">
                    <default
                        jcr:primaryType="nt:unstructured"
                        width="5"/>
                    <tablet
                        jcr:primaryType="nt:unstructured"
                        width="12"/>
                    <phone
                        jcr:primaryType="nt:unstructured"
                        behavior="newline"
                        width="10"/>
                </cq:responsive>
            </image_1256528165>
        </responsivegrid_1>
    </jcr:content>
    <responsive-layout-page-1/>
</jcr:root>
