<?xml version="1.0" encoding="UTF-8"?>
<jcr:root xmlns:sling="http://sling.apache.org/jcr/sling/1.0" xmlns:jcr="http://www.jcp.org/jcr/1.0" xmlns:nt="http://www.jcp.org/jcr/nt/1.0"
    jcr:primaryType="sling:OrderedFolder">
    <brands/>
    <adobe/>
    <jcr:content
        jcr:primaryType="nt:unstructured"
        jcr:title="Images">
        <folderThumbnail/>
    </jcr:content>
    <overlayed.jpg/>
    <overlayed2.jpg/>
    <overlayed3.jpg/>
    <overlayed5.jpg/>
    <overlayed6.png/>
    <overlayed7.jpg/>
    <client-americaex.jpg/>
    <client-lovers.jpg/>
    <client-petmeds.jpg/>
    <client-proservice.jpg/>
    <list.jpg/>
    <avatars/>
    <banner-large.jpg/>
    <page-career.jpg/>
    <page-content-management.jpg/>
    <page-team.jpg/>
    <page-about.jpg/>
    <page-web-projects.jpg/>
</jcr:root>
