<?xml version="1.0" encoding="utf-8" standalone="no"?>
<!DOCTYPE properties SYSTEM "http://java.sun.com/dtd/properties.dtd">
<properties>
<comment>FileVault Package Properties</comment>
<entry key="buildCount">1</entry>
<entry key="version">1.0.0-SNAPSHOT</entry>
<entry key="dependencies" />
<entry key="packageFormatVersion">2</entry>
<entry key="description">DS 1.3 Configuration: AEM 6.1 Package</entry>
<entry key="group">AEM Meetup DS 1.3 Configuration</entry>
<entry key="name">osgi-configurations-content</entry>
<entry key="path">/etc/packages/AEM Meetup DS 1.3 Configuration/osgi-configurations-content-1.0.0-SNAPSHOT.zip</entry>
</properties>
