<?xml version="1.0" encoding="UTF-8"?>
<jcr:root xmlns:sling="http://sling.apache.org/jcr/sling/1.0" xmlns:cq="http://www.day.com/jcr/cq/1.0" xmlns:jcr="http://www.jcp.org/jcr/1.0" xmlns:nt="http://www.jcp.org/jcr/nt/1.0"
    jcr:primaryType="cq:Page">
    <jcr:content
        cq:lastModified="{Date}2016-02-25T16:55:07.224+03:00"
        cq:lastModifiedBy="admin"
        cq:template="/apps/responsive_layout/templates/responsove_page"
        jcr:primaryType="cq:PageContent"
        jcr:title="Responsive Layout Page 1"
        sling:resourceType="responsive_layout/components/pages/responsove_page"
        welcomeText="Welcome John Lennon">
        <responsivegrid_1
            jcr:primaryType="nt:unstructured"
            sling:resourceType="wcm/foundation/components/responsivegrid">
            <image
                jcr:created="{Date}2016-02-25T16:26:45.649+03:00"
                jcr:createdBy="admin"
                jcr:lastModified="{Date}2016-02-25T16:27:03.346+03:00"
                jcr:lastModifiedBy="admin"
                jcr:primaryType="nt:unstructured"
                sling:resourceType="foundation/components/image"
                fileReference="/content/dam/projects/training/images/overlayed7.jpg">
                <cq:responsive jcr:primaryType="nt:unstructured">
                    <default
                        jcr:primaryType="nt:unstructured"
                        width="8"/>
                    <tablet
                        jcr:primaryType="nt:unstructured"
                        behavior="hide"/>
                    <phone
                        jcr:primaryType="nt:unstructured"
                        width="12"/>
                </cq:responsive>
            </image>
            <image_752347891
                jcr:created="{Date}2016-02-25T16:26:45.818+03:00"
                jcr:createdBy="admin"
                jcr:lastModified="{Date}2016-02-25T16:27:31.452+03:00"
                jcr:lastModifiedBy="admin"
                jcr:primaryType="nt:unstructured"
                sling:resourceType="foundation/components/image"
                fileReference="/content/dam/geometrixx-outdoors/brand/brand_3b_4_c05.jpg">
                <cq:responsive jcr:primaryType="nt:unstructured">
                    <default
                        jcr:primaryType="nt:unstructured"
                        behavior="none"
                        width="4"/>
                    <phone
                        jcr:primaryType="nt:unstructured"
                        behavior="none"
                        width="12"/>
                    <tablet
                        jcr:primaryType="nt:unstructured"
                        behavior="none"
                        width="10"/>
                </cq:responsive>
            </image_752347891>
            <image_1742871547
                jcr:created="{Date}2016-02-25T16:26:53.946+03:00"
                jcr:createdBy="admin"
                jcr:lastModified="{Date}2016-02-25T16:27:37.706+03:00"
                jcr:lastModifiedBy="admin"
                jcr:primaryType="nt:unstructured"
                sling:resourceType="foundation/components/image"
                fileReference="/content/dam/geometrixx-outdoors/activities/snowboarding/PDP_1_c05.jpg">
                <cq:responsive jcr:primaryType="nt:unstructured">
                    <default
                        jcr:primaryType="nt:unstructured"
                        behavior="newline"
                        width="3"/>
                    <phone
                        jcr:primaryType="nt:unstructured"
                        behavior="hide"
                        width="9"/>
                    <tablet
                        jcr:primaryType="nt:unstructured"
                        behavior="none"
                        width="4"/>
                </cq:responsive>
            </image_1742871547>
            <image_1829384582
                jcr:created="{Date}2016-02-25T16:34:34.689+03:00"
                jcr:createdBy="admin"
                jcr:lastModified="{Date}2016-02-25T16:36:34.524+03:00"
                jcr:lastModifiedBy="admin"
                jcr:primaryType="nt:unstructured"
                sling:resourceType="foundation/components/image"
                fileReference="/content/dam/geometrixx-outdoors/activities/snowboarding/PDP_1_c10.jpg">
                <cq:responsive jcr:primaryType="nt:unstructured">
                    <default
                        jcr:primaryType="nt:unstructured"
                        width="5"/>
                    <tablet
                        jcr:primaryType="nt:unstructured"
                        behavior="none"
                        width="6"/>
                    <phone
                        jcr:primaryType="nt:unstructured"
                        width="12"/>
                </cq:responsive>
            </image_1829384582>
            <image_507206090
                jcr:created="{Date}2016-02-25T16:43:10.665+03:00"
                jcr:createdBy="admin"
                jcr:lastModified="{Date}2016-02-25T16:44:24.067+03:00"
                jcr:lastModifiedBy="admin"
                jcr:primaryType="nt:unstructured"
                sling:resourceType="foundation/components/image"
                fileReference="/content/dam/geometrixx-outdoors/cards/reviews.jpg">
                <cq:responsive jcr:primaryType="nt:unstructured">
                    <default
                        jcr:primaryType="nt:unstructured"
                        behavior="none"
                        width="3"/>
                    <phone
                        jcr:primaryType="nt:unstructured"
                        behavior="hide"
                        width="4"/>
                    <tablet
                        jcr:primaryType="nt:unstructured"
                        behavior="hide"/>
                </cq:responsive>
            </image_507206090>
        </responsivegrid_1>
    </jcr:content>
</jcr:root>
